[
    {
        "title": "The Return of the King (The Lord of the Rings, #3)",
        "average_rating": "4.51",
        "authors": "J.R.R. Tolkien",
        "original_title": "The Return of the King",
        "original_publication_year": "1955."
    },
    {
        "title": "The Lord of the Rings (The Lord of the Rings, #1-3)",
        "average_rating": "4.47",
        "authors": "J.R.R. Tolkien",
        "original_title": "The Lord of the Rings",
        "original_publication_year": "1955."
    },
    {
        "title": "The Two Towers (The Lord of the Rings, #2)",
        "average_rating": "4.42",
        "authors": "J.R.R. Tolkien",
        "original_title": "The Two Towers",
        "original_publication_year": "1954."
    },
    {
        "title": "The Giving Tree",
        "average_rating": "4.38",
        "authors": "Shel Silverstein",
        "original_title": "The Giving Tree",
        "original_publication_year": "1964."
    },
    {
        "title": "How the Grinch Stole Christmas!",
        "average_rating": "4.36",
        "authors": "Dr. Seuss",
        "original_title": "How the Grinch Stole Christmas!",
        "original_publication_year": "1957."
    },
    {
        "title": "East of Eden",
        "average_rating": "4.35",
        "authors": "John Steinbeck",
        "original_title": "East of Eden  ",
        "original_publication_year": "1952."
    },
    {
        "title": "The Fellowship of the Ring (The Lord of the Rings, #1)",
        "average_rating": "4.34",
        "authors": "J.R.R. Tolkien",
        "original_title": " The Fellowship of the Ring",
        "original_publication_year": "1954."
    },
    {
        "title": "The Little House Collection (Little House, #1-9)",
        "average_rating": "4.33",
        "authors": "Laura Ingalls Wilder, Garth Williams",
        "original_title": "The Little House Collection",
        "original_publication_year": "1953."
    },
    {
        "title": "Mere Christianity",
        "average_rating": "4.31",
        "authors": "C.S. Lewis",
        "original_title": "Mere Christianity",
        "original_publication_year": "1952."
    },
    {
        "title": "Night (The Night Trilogy #1)",
        "average_rating": "4.30",
        "authors": "Elie Wiesel, Marion Wiesel",
        "original_title": "Un di Velt Hot Geshvign",
        "original_publication_year": "1958."
    }
]