<?xml version="1.0"?>
<books><book><title>Harry Potter and the Deathly Hallows (Harry Potter, #7)</title><authors>J.K. Rowling, Mary GrandPr&#xE9;</authors><average_rating>4.61</average_rating></book><book><title>The Name of the Wind (The Kingkiller Chronicle, #1)</title><authors>Patrick Rothfuss</authors><average_rating>4.55</average_rating></book><book><title>Harry Potter and the Half-Blood Prince (Harry Potter, #6)</title><authors>J.K. Rowling, Mary GrandPr&#xE9;</authors><average_rating>4.54</average_rating></book><book><title>A Storm of Swords (A Song of Ice and Fire, #3)</title><authors>George R.R. Martin</authors><average_rating>4.54</average_rating></book><book><title>Harry Potter and the Goblet of Fire (Harry Potter, #4)</title><authors>J.K. Rowling, Mary GrandPr&#xE9;</authors><average_rating>4.53</average_rating></book><book><title>The Last Olympian (Percy Jackson and the Olympians, #5)</title><authors>Rick Riordan</authors><average_rating>4.50</average_rating></book><book><title>Fullmetal Alchemist, Vol. 1 (Fullmetal Alchemist, #1)</title><authors>Hiromu Arakawa, Akira Watanabe</authors><average_rating>4.49</average_rating></book><book><title>Harry Potter and the Order of the Phoenix (Harry Potter, #5)</title><authors>J.K. Rowling, Mary GrandPr&#xE9;</authors><average_rating>4.46</average_rating></book><book><title>The Hero of Ages (Mistborn, #3)</title><authors>Brandon Sanderson</authors><average_rating>4.46</average_rating></book><book><title>The Help</title><authors>Kathryn Stockett</authors><average_rating>4.45</average_rating></book></books>
